clip_id,label,identity,category,v_sharpness_mean,v_sharpness_std,v_face_rate,v_facebox_jitter,a_ok,a_m0_mean,a_m0_std,a_m1_mean,a_m1_std,a_m2_mean,a_m2_std,a_m3_mean,a_m3_std,a_m4_mean,a_m4_std,a_m5_mean,a_m5_std,a_m6_mean,a_m6_std,a_m7_mean,a_m7_std,a_m8_mean,a_m8_std,a_m9_mean,a_m9_std,a_m10_mean,a_m10_std,a_m11_mean,a_m11_std,a_m12_mean,a_m12_std,a_m13_mean,a_m13_std,a_m14_mean,a_m14_std,a_m15_mean,a_m15_std,a_m16_mean,a_m16_std,a_m17_mean,a_m17_std,a_m18_mean,a_m18_std,a_m19_mean,a_m19_std,a_d0_mean,a_d0_std,a_d1_mean,a_d1_std,a_d2_mean,a_d2_std,a_d3_mean,a_d3_std,a_d4_mean,a_d4_std,a_d5_mean,a_d5_std,a_d6_mean,a_d6_std,a_d7_mean,a_d7_std,a_d8_mean,a_d8_std,a_d9_mean,a_d9_std,a_d10_mean,a_d10_std,a_d11_mean,a_d11_std,a_d12_mean,a_d12_std,a_d13_mean,a_d13_std,a_d14_mean,a_d14_std,a_d15_mean,a_d15_std,a_d16_mean,a_d16_std,a_d17_mean,a_d17_std,a_d18_mean,a_d18_std,a_d19_mean,a_d19_std,p_fake
fav_00028,real,fav_id01178,RealVideo-RealAudio,81.3778197205631,18.610772067761314,1.0,4.8287053657634305,1,-251.50869750976562,73.75165557861328,74.91095733642578,43.3917350769043,-26.955366134643555,43.70021057128906,2.212517023086548,23.356000900268555,-39.76605224609375,21.8828125,-24.548383712768555,21.25752067565918,-30.64206314086914,13.690295219421387,-14.38554859161377,14.059200286865234,-14.766592979431152,15.098149299621582,-10.599488258361816,10.303929328918457,-7.209313869476318,9.423337936401367,-19.33316421508789,10.213961601257324,-1.0461888313293457,11.846193313598633,-11.440159797668457,9.233061790466309,-9.409225463867188,10.421063423156738,-2.894925355911255,7.78498649597168,-14.698343276977539,8.5296049118042,-7.7151007652282715,6.73153829574585,-8.235671043395996,6.397380828857422,-8.312501907348633,9.086712837219238,-0.34102970361709595,13.4557523727417,0.03629310801625252,7.446220397949219,0.12906542420387268,8.134330749511719,0.07007987052202225,4.630136966705322,-0.15767401456832886,3.791487693786621,-0.325000524520874,3.395015239715576,0.07491151243448257,2.7561757564544678,-0.002173158572986722,2.905230760574341,0.15450060367584229,3.1240079402923584,-0.0025699774269014597,1.9210925102233887,-0.040925346314907074,1.6677532196044922,0.08261401951313019,1.6819895505905151,-0.1442950814962387,2.104276657104492,0.057939812541007996,1.4718501567840576,-0.14811374247074127,1.5872654914855957,0.1673237681388855,1.4305341243743896,0.05662688985466957,1.7055001258850098,-0.02791666053235531,1.1248129606246948,-0.01407206803560257,1.3018702268600464,-0.30010291934013367,1.72881019115448,0.5
fav_00032,real,fav_id03379,RealVideo-RealAudio,25.734218568297432,2.7376713899811147,1.0,4.6554238013967,1,-112.35488891601562,47.90400314331055,73.50598907470703,31.587928771972656,-20.902231216430664,29.091394424438477,22.24526023864746,17.37006187438965,-24.858707427978516,14.91312026977539,-2.3682401180267334,13.847660064697266,-10.740035057067871,10.645796775817871,3.948472738265991,11.468317985534668,4.650445938110352,10.093981742858887,6.435886859893799,7.643120765686035,-1.6624890565872192,6.843381404876709,0.020626386627554893,8.811470985412598,-2.660547971725464,8.684134483337402,-8.653316497802734,6.026852130889893,-3.204599618911743,6.04929780960083,-6.833967208862305,6.973782539367676,-9.57127571105957,5.093888282775879,1.0217106342315674,5.705271244049072,-5.84885835647583,6.907166004180908,-5.382757186889648,6.6596503257751465,-0.1716209053993225,9.207012176513672,0.27310308814048767,6.696117877960205,0.05419447645545006,6.340726852416992,0.2357853204011917,3.2495763301849365,0.09967266023159027,3.105759382247925,-0.0005647540092468262,2.7955355644226074,-0.023533549159765244,2.1019508838653564,-0.24844129383563995,2.0823371410369873,-0.18281477689743042,1.98558509349823,0.11308397352695465,1.5050625801086426,0.17630591988563538,1.5565569400787354,-0.11911189556121826,1.7585822343826294,0.19280649721622467,1.3966256380081177,0.06825342029333115,1.3048712015151978,0.04383758455514908,1.1098395586013794,-0.08198269456624985,1.3217732906341553,-0.04853809252381325,0.8769168257713318,0.02451299875974655,0.9452915787696838,-0.0196833536028862,1.3907653093338013,-0.034550104290246964,1.1776021718978882,0.5
fav_00005,real,fav_id00739,RealVideo-RealAudio,53.58739706309789,8.411336922548966,1.0,3.4220681423977286,1,-151.05149841308594,32.33812713623047,98.38550567626953,24.22646713256836,10.229802131652832,21.067882537841797,23.209243774414062,15.63247299194336,-11.44469928741455,12.293198585510254,-3.2301294803619385,10.367081642150879,-3.227576494216919,9.38687801361084,2.2468905448913574,9.0101900100708,-0.0026117961388081312,9.31939697265625,9.427783966064453,7.259444236755371,1.3871153593063354,6.636721611022949,-0.20070593059062958,6.989128589630127,0.7832465767860413,6.75415563583374,-4.943478107452393,7.582479476928711,-4.601400375366211,6.01556921005249,-0.3486284911632538,6.133456707000732,-8.392546653747559,7.473205089569092,-0.33973363041877747,7.1450324058532715,-4.4221510887146,8.031091690063477,-1.7017868757247925,8.130282402038574,0.02636110410094261,6.280451774597168,0.0378430001437664,5.450218200683594,-0.06824742257595062,4.143641948699951,-0.002731301821768284,2.9443318843841553,-0.03776143863797188,2.305907964706421,0.060565099120140076,2.0999391078948975,0.10809636861085892,1.8638875484466553,-0.020115425810217857,1.8768881559371948,0.09639105945825577,1.8878867626190186,0.01836276240646839,1.2871567010879517,0.047649890184402466,1.4817309379577637,0.03762554004788399,1.2982958555221558,0.047284502536058426,1.1893142461776733,0.022247234359383583,1.4702731370925903,0.036696407943964005,1.2787970304489136,0.011504102498292923,1.3060569763183594,0.03440288454294205,1.3733854293823242,0.0016391996759921312,1.555768370628357,-0.013651459477841854,1.4970862865447998,-0.010629696771502495,1.541800856590271,0.5
fav_00086,real,fav_id01001,RealVideo-RealAudio,96.04226502318954,11.804627703184563,1.0,2.518995973084476,1,-271.4308166503906,67.88262176513672,99.40013122558594,29.65313720703125,7.525598049163818,31.10550880432129,32.52433776855469,19.951013565063477,-5.210263729095459,21.891529083251953,-7.3355889320373535,15.771112442016602,-3.9759562015533447,10.368908882141113,5.968539714813232,11.321394920349121,-0.05721027031540871,10.48474407196045,6.138555526733398,6.82237434387207,2.580040454864502,9.102832794189453,6.6934814453125,7.923416614532471,7.926584720611572,6.864714622497559,-0.3924441337585449,6.938693523406982,3.3920183181762695,6.7806267738342285,-0.3340848386287689,7.336005687713623,-1.7552058696746826,6.975295543670654,-2.341017007827759,7.051219463348389,-4.195967674255371,7.875716209411621,-6.312154293060303,8.054421424865723,-0.626511812210083,10.91856575012207,-0.13953666388988495,4.622193336486816,0.3222421109676361,5.631359100341797,0.14124153554439545,3.7280921936035156,0.1350620985031128,3.976558208465576,0.174730584025383,3.100076675415039,0.09815014898777008,1.947017788887024,0.0542476661503315,2.269009828567505,0.01970444992184639,1.8121925592422485,0.0014508070889860392,1.1941698789596558,-0.016985241323709488,1.6485596895217896,-0.02183758281171322,1.3039839267730713,-0.07196465134620667,1.3829264640808105,-0.09653789550065994,1.2040222883224487,0.014165393076837063,1.1451258659362793,-0.08639487624168396,1.397360920906067,-0.11369875073432922,1.295942783355713,-0.035486895591020584,1.1802793741226196,-0.008385228924453259,1.3061282634735107,-0.007903761230409145,1.3620949983596802,0.5
fav_00015,real,fav_id02619,RealVideo-RealAudio,225.73098300791906,20.517408477500616,1.0,3.4391081040814706,1,-427.1107482910156,93.91107177734375,163.4697265625,33.38547897338867,-16.08751678466797,40.07469940185547,43.13854217529297,26.185976028442383,-10.852848052978516,21.094707489013672,-3.3983843326568604,15.83901309967041,-11.434843063354492,17.068675994873047,-7.275457382202148,13.558974266052246,-4.525033950805664,12.5814790725708,-6.278078556060791,9.026054382324219,3.871330738067627,9.567237854003906,-10.259856224060059,8.943510055541992,-1.5249261856079102,8.23616886138916,-4.345184326171875,6.721612453460693,-12.388463973999023,10.324729919433594,-4.361789226531982,6.8125505447387695,-5.495306491851807,6.258418560028076,-7.478739261627197,5.577345371246338,-1.2206661701202393,5.454086780548096,-7.181889057159424,6.476737022399902,-0.052053481340408325,18.862611770629883,0.5133361220359802,7.332889556884766,-0.19615603983402252,7.653399467468262,-0.5794873833656311,5.219680309295654,-0.11531592905521393,4.103231430053711,0.03790697455406189,3.6549744606018066,0.27250829339027405,3.670302152633667,-0.23950383067131042,2.7728214263916016,-0.08424543589353561,2.6741394996643066,0.004859412554651499,1.5636252164840698,-0.057336922734975815,2.0352983474731445,0.22696179151535034,1.8505948781967163,-0.04829537123441696,1.6872280836105347,-0.024257490411400795,1.3723164796829224,0.1151842474937439,2.0371780395507812,0.07632576674222946,1.1631661653518677,-0.024512343108654022,1.052135944366455,-0.09224288910627365,1.1066550016403198,-0.016927488148212433,1.0605580806732178,-0.06761900335550308,1.0422954559326172,0.5
fav_00195,real,fav_id01163,RealVideo-RealAudio,105.40962023455383,6.623688457162809,1.0,3.1327646684525363,1,-202.38323974609375,39.140830993652344,136.1996307373047,35.91984558105469,-3.2663094997406006,23.834598541259766,25.501304626464844,16.731590270996094,-5.30300235748291,17.698501586914062,1.0653982162475586,13.300904273986816,-15.223118782043457,12.42314338684082,-1.6781388521194458,8.647290229797363,-6.3637237548828125,7.396590709686279,-0.6641998291015625,7.8598833084106445,-0.37740176916122437,8.795297622680664,-4.8492608070373535,7.287777423858643,-7.701225757598877,6.035992622375488,-2.579375743865967,7.249342441558838,0.25438711047172546,6.636441230773926,3.068589925765991,6.549010276794434,6.09342098236084,6.615697860717773,9.06865406036377,5.747772693634033,-0.8624183535575867,6.0541157722473145,-1.0536220073699951,4.349874019622803,0.9430286288261414,6.611743927001953,0.0314284972846508,7.993818283081055,-0.21682581305503845,5.095080852508545,-0.06780263781547546,2.908478021621704,0.11578238010406494,3.259737014770508,0.013035248033702374,2.568166732788086,-0.15923315286636353,1.7559276819229126,0.04120778292417526,1.508959174156189,-0.12878023087978363,1.3509739637374878,-0.044684890657663345,1.5240116119384766,0.002513572806492448,1.57340407371521,0.0013772295787930489,1.3515688180923462,-0.03498223051428795,1.069280982017517,-0.007016242481768131,1.6362677812576294,0.07912324368953705,1.3958913087844849,0.03620264306664467,1.4687957763671875,0.018398204818367958,1.2423208951950073,0.05775999277830124,1.2441681623458862,0.05402344465255737,1.075981855392456,-0.041934724897146225,0.7586162090301514,0.5
fav_00044,real,fav_id01098,RealVideo-RealAudio,197.03455452811102,11.1761572880055,1.0,2.4829091373701084,1,-205.37669372558594,87.1225814819336,63.9615478515625,50.744384765625,2.525547742843628,24.107681274414062,30.322513580322266,20.596179962158203,-9.948065757751465,18.15025520324707,-8.482288360595703,15.62742805480957,-16.61246109008789,17.090576171875,-4.26320743560791,10.163294792175293,-8.884448051452637,13.323295593261719,0.08007209002971649,10.24458122253418,-2.312206268310547,8.972283363342285,-1.4829285144805908,8.8530855178833,-6.4484758377075195,9.805173873901367,-1.6167100667953491,6.591136455535889,-6.51997709274292,6.815168857574463,-0.47824329137802124,5.955804347991943,-2.872114419937134,7.530479431152344,-3.2970058917999268,6.975680828094482,-11.276050567626953,6.720335960388184,-4.73590087890625,6.850776195526123,-0.7452661395072937,17.529129028320312,0.2510974407196045,10.297454833984375,-0.018920401111245155,4.21409797668457,0.025799067690968513,4.227555751800537,0.19042687118053436,3.602891445159912,0.11890880763530731,3.3852362632751465,-0.09942349791526794,4.028159141540527,-0.06248122453689575,2.0772922039031982,-0.0545828603208065,2.6765124797821045,0.028058389201760292,1.9378002882003784,-0.01010728906840086,1.4853960275650024,0.03683307394385338,1.6597647666931152,0.02292056567966938,1.7866058349609375,-0.055222220718860626,1.059739589691162,0.11263927072286606,1.3880137205123901,-0.014475329779088497,1.035858392715454,-0.003981472924351692,1.3419419527053833,0.01806025765836239,1.3519619703292847,0.01210047211498022,1.2831134796142578,0.0886014848947525,1.2164244651794434,0.5
fav_00099,real,fav_id00371,RealVideo-RealAudio,95.89092532273412,13.311078311172377,1.0,3.042203082638145,1,-344.8703918457031,74.19547271728516,126.27972412109375,33.22797393798828,-9.97632122039795,32.990482330322266,45.06974411010742,21.981374740600586,6.617501735687256,15.208123207092285,-2.051483631134033,15.33896255493164,-2.324678897857666,12.365662574768066,1.6228952407836914,11.878860473632812,-0.8636255860328674,11.262113571166992,4.564235687255859,10.41992473602295,-2.7798492908477783,7.724198341369629,11.681456565856934,11.181896209716797,-4.366898059844971,8.602544784545898,3.326244831085205,8.702640533447266,-12.417530059814453,9.307476043701172,2.1387157440185547,7.2520012855529785,1.198562502861023,6.1901984214782715,-8.10921859741211,6.382774353027344,-8.385638236999512,6.973227024078369,-0.2942248582839966,5.77603006362915,0.46231353282928467,15.738288879394531,0.07796061784029007,6.118191719055176,0.04828955605626106,7.256505489349365,-0.3057939112186432,4.681697845458984,-0.00725976936519146,2.9617550373077393,0.036179907619953156,3.1699938774108887,-0.1378139704465866,2.3332269191741943,0.11870675534009933,2.2191057205200195,-0.09455972164869308,2.3191776275634766,0.1101086214184761,1.9992958307266235,-0.06920598447322845,1.4307453632354736,0.075276680290699,2.329237937927246,0.11168712377548218,1.7562042474746704,-0.1559445559978485,1.7775479555130005,-0.002362071303650737,1.8618913888931274,0.005692752078175545,1.4778845310211182,0.04375482350587845,1.2594993114471436,-0.07709765434265137,1.0971996784210205,0.053749192506074905,1.4832544326782227,0.0028593793977051973,0.9649147987365723,0.5
fav_00014,real,fav_id00071,RealVideo-RealAudio,111.90892665883692,30.5238430359665,1.0,4.701715121650517,1,-273.6935119628906,60.76846694946289,59.77348709106445,40.423831939697266,3.2512643337249756,25.731870651245117,-2.2987987995147705,27.430578231811523,-17.426301956176758,17.082386016845703,-12.252949714660645,17.86834144592285,-3.849289655685425,11.433849334716797,-1.6988009214401245,11.66801929473877,-12.877838134765625,11.5974702835083,-1.6263911724090576,8.010591506958008,-10.971700668334961,7.586860656738281,-3.1059842109680176,8.1215238571167,-6.853249549865723,7.8387770652771,-8.489965438842773,7.410574913024902,-9.610358238220215,9.120649337768555,-8.045494079589844,8.872603416442871,-4.552175045013428,10.761735916137695,-1.7810794115066528,10.422694206237793,-6.227902412414551,11.4280424118042,-0.03698313236236572,12.951740264892578,0.32138800621032715,9.852310180664062,-0.8235730528831482,7.5583577156066895,0.4416135549545288,4.232743263244629,0.5301082134246826,5.005127429962158,0.029881594702601433,2.7479748725891113,-0.19019904732704163,3.5787782669067383,0.1375819593667984,2.4403555393218994,0.0033712799195200205,2.541722536087036,-0.3624741733074188,2.151798963546753,0.013629322871565819,1.4575600624084473,0.071225605905056,1.4402120113372803,-0.1336883157491684,1.6577204465866089,0.11356581747531891,1.466423749923706,0.0077289678156375885,1.334479808807373,0.15417872369289398,1.7908507585525513,0.10337530821561813,1.7668298482894897,0.25692686438560486,2.363642692565918,0.15946854650974274,2.1613752841949463,-0.09690723568201065,2.182598114013672,-0.20072506368160248,2.431619167327881,0.5
fav_00043,real,fav_id02553,RealVideo-RealAudio,167.4617062088018,10.196412176113308,1.0,2.6791730666466456,1,-250.28146362304688,65.67301940917969,75.84440612792969,65.65740203857422,4.231025695800781,33.43702697753906,16.101205825805664,21.158849716186523,-2.9982457160949707,19.100107192993164,-7.89120626449585,15.585395812988281,-27.772388458251953,15.754340171813965,-16.623247146606445,15.216388702392578,-10.824392318725586,12.591039657592773,-4.64144229888916,9.44943904876709,-9.056983947753906,9.318756103515625,-2.3827338218688965,9.738924026489258,-8.60346508026123,9.847606658935547,2.9038209915161133,9.658698081970215,-8.254878044128418,7.801576137542725,-3.862786293029785,7.6790971755981445,-9.528943061828613,8.414501190185547,-4.144690036773682,6.378751277923584,-11.746148109436035,6.084716320037842,-6.08340311050415,6.460875034332275,0.5249996781349182,12.544672012329102,-0.17192161083221436,13.982224464416504,-0.019207702949643135,7.232594966888428,0.006920801475644112,4.7076191902160645,0.14188982546329498,3.8094422817230225,-0.04173510521650314,3.3052120208740234,-0.15416982769966125,3.1038427352905273,-0.04130929708480835,2.702354907989502,-0.03964648395776749,2.3588035106658936,-0.026054691523313522,2.1253886222839355,-0.09130043536424637,1.6227830648422241,-0.01960153505206108,1.7896361351013184,-0.023951109498739243,1.7648848295211792,0.02870558574795723,1.9540847539901733,0.017897693440318108,1.794900894165039,0.037501998245716095,1.3560675382614136,0.07628125697374344,1.6482282876968384,0.04660579562187195,1.2431755065917969,-0.05750793591141701,1.1145097017288208,-0.0028923070058226585,1.3887704610824585,0.5
fav_00005_id00365_wavtolip,fake,fav_id00287,FakeVideo-RealAudio,77.94430464582554,19.12014444820885,1.0,4.619982290270516,1,-338.1567687988281,73.26998138427734,96.30769348144531,44.98052978515625,-7.857802867889404,36.81801223754883,8.134129524230957,24.79038429260254,-9.799233436584473,17.908327102661133,-5.548737525939941,14.500530242919922,-19.309497833251953,17.535873413085938,-5.544900417327881,11.324214935302734,-16.18351936340332,12.167852401733398,2.4623706340789795,10.086377143859863,-14.856952667236328,11.953206062316895,-1.3031423091888428,9.767136573791504,-7.363764762878418,9.15239429473877,-6.413568019866943,7.233169078826904,-23.047739028930664,8.46111011505127,-4.251223564147949,8.673253059387207,-6.409615516662598,9.411795616149902,8.31959342956543,6.561805248260498,0.6460984349250793,7.895101547241211,-8.679728507995605,8.398276329040527,-0.33029094338417053,14.12909984588623,-0.7792900204658508,9.88612174987793,0.12528501451015472,8.732304573059082,-0.21933166682720184,5.396703243255615,0.03410211205482483,3.630746841430664,-0.1674557775259018,3.0690107345581055,-0.03348623961210251,4.065925598144531,0.06688446551561356,2.4491004943847656,0.03709143400192261,2.3322794437408447,0.18792958557605743,2.309708833694458,0.06179352477192879,2.4022700786590576,0.19829319417476654,1.642350435256958,0.00038717041024938226,1.75739324092865,-0.015570087358355522,1.227027177810669,-0.1263851523399353,1.4310698509216309,0.02974759228527546,1.6534209251403809,0.04306714981794357,2.0137553215026855,0.17531795799732208,1.2126777172088623,0.05643073096871376,1.7398048639297485,0.01653113029897213,1.7271836996078491,0.5
fav_00002_id00589_uOzKwYEVR6s,fake,fav_id03589,FakeVideo-RealAudio,39.650513572857044,6.652459340469112,1.0,5.706964996167052,1,-239.6923828125,71.1251220703125,118.11663818359375,36.087337493896484,-10.273028373718262,41.69558334350586,22.10919189453125,20.488126754760742,-9.007977485656738,14.033381462097168,-30.738386154174805,16.75093650817871,-12.610312461853027,12.850946426391602,-1.9500044584274292,11.48811149597168,2.2329752445220947,11.446430206298828,-1.6780858039855957,8.491453170776367,-11.90562629699707,7.361070156097412,-9.96346378326416,8.438410758972168,-4.91710901260376,7.765401840209961,-3.264242172241211,7.720331192016602,-10.650815963745117,7.6436076164245605,-3.849728584289551,7.059378147125244,-12.557149887084961,7.390836238861084,-5.903757095336914,7.745041370391846,-4.88159704208374,5.270810604095459,-5.645207405090332,6.963425159454346,0.20920956134796143,12.2003755569458,0.3730792999267578,7.042110919952393,-0.1690259426832199,8.162430763244629,-0.12815868854522705,4.154649257659912,-0.12412367761135101,2.5153634548187256,-0.08617468923330307,3.2699193954467773,-0.010572693310678005,2.4876768589019775,-0.002235262654721737,2.074644088745117,0.023269468918442726,2.181036949157715,0.16993986070156097,1.6916643381118774,0.03707540035247803,1.5116339921951294,-0.06529439240694046,1.7477657794952393,0.09248083084821701,1.2363126277923584,-0.06063321605324745,1.402455449104309,-0.11692043393850327,1.3156416416168213,0.00602790666744113,1.3033775091171265,-0.0004059596685692668,1.3254448175430298,-0.07345293462276459,1.6598539352416992,0.023619437590241432,1.0299893617630005,0.004432637710124254,1.3747204542160034,0.5
fav_00037_id01231_XXpYdOHUF-g,fake,fav_id01238,FakeVideo-RealAudio,574.6758639450687,117.88505354828187,1.0,2.2106035220981273,1,-307.9854736328125,94.44236755371094,111.87651062011719,40.57906723022461,-14.259196281433105,33.843536376953125,25.94700813293457,28.105140686035156,-21.767677307128906,21.913837432861328,-12.416876792907715,18.435043334960938,-13.217513084411621,12.732601165771484,-9.200579643249512,11.291342735290527,-11.002652168273926,8.910172462463379,-9.17766284942627,9.131491661071777,-2.173068046569824,7.513668060302734,-5.074228763580322,8.512269020080566,-7.118072509765625,8.176407814025879,-4.299356937408447,7.100545406341553,-6.952320575714111,7.523055553436279,0.8359203338623047,6.959446907043457,-6.913492679595947,9.739008903503418,-1.4346954822540283,9.791983604431152,-5.766083240509033,9.701169967651367,-5.146039962768555,10.271088600158691,0.548329770565033,17.609479904174805,-0.5242218375205994,8.552210807800293,-0.18021292984485626,7.091282367706299,0.029480453580617905,5.677844047546387,-0.08891385793685913,4.748145580291748,0.21126462519168854,3.6618950366973877,-0.14960472285747528,2.5100855827331543,0.017717212438583374,2.3572309017181396,0.09632937610149384,1.785810947418213,0.05445807799696922,1.7384135723114014,-0.03151748701930046,1.4977046251296997,-0.07765946537256241,1.7744323015213013,0.013205528259277344,1.4862395524978638,-0.017073526978492737,1.3981759548187256,-0.055315081030130386,1.620263695716858,-0.015319716185331345,1.2368676662445068,-0.06914683431386948,1.9831913709640503,-0.03614926338195801,2.182250738143921,0.07979356497526169,1.735950231552124,0.08130253106355667,1.9421926736831665,0.5
fav_00017_id04414_0sJN-9GIO-M,fake,fav_id04701,FakeVideo-RealAudio,42.300099017569444,9.028746915063405,1.0,4.227339528822353,1,-166.84091186523438,40.51454162597656,100.58457946777344,27.793176651000977,-18.203208923339844,25.08187484741211,9.43364429473877,17.346826553344727,-19.11089515686035,13.360307693481445,-10.444092750549316,13.433989524841309,-4.560235023498535,11.779069900512695,-7.863734722137451,10.157415390014648,-0.2997835874557495,8.145257949829102,-4.751368045806885,8.687402725219727,-4.399216175079346,9.45910930633545,-3.203047513961792,8.516325950622559,-0.4750736653804779,8.2321195602417,-1.4718066453933716,7.524580001831055,-3.9103188514709473,6.7722859382629395,3.1248793601989746,6.247268199920654,-4.86973762512207,6.304664611816406,-1.183314561843872,5.19801664352417,-2.9217376708984375,5.1409687995910645,-0.64844810962677,6.097125053405762,-0.39305582642555237,6.977258205413818,-0.2419988214969635,6.7776665687561035,0.22785979509353638,5.634776592254639,0.008598300628364086,3.3648695945739746,-0.03812628984451294,2.513446092605591,-0.0984303280711174,2.475234270095825,0.05472701042890549,2.417073965072632,0.07840524613857269,2.145700216293335,-0.004951774142682552,1.5599229335784912,-0.07178945094347,1.3937122821807861,-0.052895378321409225,1.89773428440094,-0.15680962800979614,1.634905219078064,0.05113760381937027,1.3791135549545288,-0.0038218661211431026,1.5087790489196777,-0.038900937885046005,1.2493057250976562,0.02597825415432453,1.2101776599884033,-0.025583598762750626,1.0683019161224365,0.02135544642806053,0.9126201868057251,0.036737874150276184,0.850823163986206,0.08571863174438477,1.2102251052856445,0.5
fav_00113_id00535_BhvTIJ-YG5s,fake,fav_id00305,FakeVideo-RealAudio,197.76397957607588,17.64542270981271,1.0,2.3594919271776646,1,-326.0000305175781,58.539825439453125,103.86642456054688,49.258819580078125,7.644652843475342,35.731651306152344,34.14661407470703,20.306303024291992,1.3794468641281128,16.103042602539062,4.585482120513916,12.858373641967773,-5.154692649841309,13.478473663330078,-14.600306510925293,13.494752883911133,-15.119733810424805,9.588859558105469,-9.893118858337402,10.770444869995117,-5.413582801818848,8.841676712036133,-6.596672534942627,8.875810623168945,-8.586173057556152,8.705772399902344,1.7072868347167969,8.338061332702637,-4.211812973022461,6.982647895812988,-8.150805473327637,6.962782859802246,-10.127140998840332,7.1275954246521,-0.43011757731437683,6.5037384033203125,-5.46685791015625,5.953808307647705,-4.910431385040283,5.386190414428711,-0.7169348001480103,10.436345100402832,0.1479862481355667,9.338262557983398,0.21787239611148834,7.117384433746338,-0.01267146784812212,4.202155590057373,-0.03639218211174011,2.8553853034973145,-0.07188734412193298,2.5939066410064697,0.06853549927473068,2.1877763271331787,0.11841433495283127,2.4260311126708984,-0.12253601104021072,1.832688570022583,-0.035418398678302765,2.032431125640869,-0.02196519821882248,1.7360154390335083,0.07548777759075165,1.4592735767364502,0.04967489838600159,1.5348262786865234,-0.06391800194978714,1.699752926826477,0.019705653190612793,1.3096809387207031,0.012032773345708847,1.1667654514312744,-0.03256364166736603,1.2480194568634033,-0.01922355592250824,1.1450567245483398,-0.022463573142886162,1.0884888172149658,-0.00026698200963437557,0.9179697632789612,0.5
fav_00078_id00398_wavtolip,fake,fav_id00841,FakeVideo-RealAudio,123.3651805938192,27.059656155015386,1.0,2.9629431696156443,1,-323.1217346191406,102.2512435913086,58.344364166259766,42.952579498291016,-37.55753707885742,45.5119743347168,4.107798099517822,30.33022689819336,-37.95646286010742,25.212995529174805,-26.355493545532227,20.336423873901367,-27.544233322143555,16.71759605407715,-18.161378860473633,11.967276573181152,-14.477474212646484,13.336472511291504,-8.774618148803711,10.6514253616333,-13.437474250793457,10.923693656921387,-10.346162796020508,11.954743385314941,-3.7978522777557373,9.39480209350586,-9.24049186706543,9.505914688110352,-14.874313354492188,10.565250396728516,-5.431090831756592,9.02408218383789,-10.80605411529541,8.482305526733398,-4.278045654296875,6.7526726722717285,-4.426285743713379,7.969614028930664,-1.407767653465271,8.296890258789062,1.4767463207244873,18.610010147094727,-0.30172163248062134,8.528447151184082,-0.596977174282074,10.50614070892334,0.017536332830786705,6.389029026031494,0.005458842497318983,5.221134185791016,0.21142959594726562,4.488973140716553,-0.05475493147969246,3.03120756149292,0.006487156264483929,2.3857007026672363,0.127597838640213,2.3282010555267334,-0.01610272191464901,2.248115062713623,0.034451138228178024,2.281316041946411,-0.06579029560089111,2.3037936687469482,-0.01162674929946661,1.6699925661087036,0.05979521572589874,1.8421918153762817,-0.0330440029501915,2.0686938762664795,0.0782451406121254,1.832781434059143,-0.021178940311074257,1.5500917434692383,-0.037929434329271317,1.174054503440857,0.058055341243743896,1.5067085027694702,0.0671100914478302,1.7000232934951782,0.5
fav_00221_id06438_vf3xBVgYqYA,fake,fav_id06752,FakeVideo-RealAudio,67.04177341085546,8.946170510470736,1.0,2.113196461471316,1,-174.3911590576172,53.14698028564453,124.81629943847656,24.82183837890625,-11.393101692199707,27.224462509155273,22.185794830322266,20.32486343383789,-14.432921409606934,14.548107147216797,-2.4986298084259033,14.457980155944824,-3.760226011276245,9.343976974487305,-1.4665764570236206,13.308627128601074,4.47115421295166,9.344911575317383,-1.6309894323349,8.029191017150879,7.141483783721924,9.06330394744873,-4.418570041656494,10.557456970214844,8.801652908325195,8.304545402526855,-1.6729456186294556,8.439474105834961,0.51380854845047,7.732062816619873,10.37679672241211,6.566807270050049,-3.632096529006958,5.649889945983887,1.6408212184906006,5.332390785217285,0.28049415349960327,4.801982402801514,-2.285961151123047,5.735066890716553,-0.028990112245082855,8.302388191223145,0.020321156829595566,4.3390398025512695,-0.005947609432041645,5.546494960784912,-0.05007734149694443,3.8947155475616455,-0.04770516976714134,2.975440502166748,-0.00993223488330841,2.4630815982818604,-0.022949539124965668,1.8387941122055054,-0.0033602656330913305,2.506514310836792,0.009943674318492413,1.7418054342269897,0.03539131581783295,1.581619143486023,0.0013633250491693616,1.6581882238388062,0.02227500081062317,1.7799352407455444,-0.0009808610193431377,1.4099056720733643,-0.038088660687208176,1.5778652429580688,-0.040940478444099426,1.414137840270996,0.006888896226882935,1.2390825748443604,-0.008600398898124695,1.0198971033096313,0.021529316902160645,1.0188599824905396,-0.025709258392453194,0.8249738812446594,0.0008327479590661824,1.0263245105743408,0.5
fav_00322_id00535_wavtolip,fake,fav_id01051,FakeVideo-RealAudio,528.0363152610461,99.0878514565753,1.0,4.099955055097344,1,-209.31295776367188,78.96406555175781,109.08296203613281,48.28506851196289,2.9124350547790527,32.356475830078125,44.235267639160156,24.218788146972656,3.8190951347351074,14.829503059387207,-1.3372559547424316,17.75829315185547,1.4115086793899536,11.875411987304688,1.4889774322509766,11.443246841430664,-13.819133758544922,10.902338027954102,-3.9935123920440674,9.6974458694458,-10.609115600585938,9.495065689086914,-7.282058238983154,8.346759796142578,-11.554545402526855,8.643501281738281,5.081544876098633,7.4596076011657715,-5.386226654052734,6.674606800079346,0.200820192694664,6.612407207489014,-5.471830368041992,7.986508846282959,-1.5828921794891357,5.571152687072754,-13.93819808959961,7.954641819000244,-3.069852113723755,6.156271457672119,-2.3837828636169434,13.422833442687988,-0.8428567051887512,9.95861530303955,-0.2085089534521103,7.121613502502441,0.2120455801486969,5.074787139892578,0.23954372107982635,2.675922393798828,-0.015147263184189796,4.253311634063721,-0.10304045677185059,2.1965456008911133,0.06281683593988419,2.31801176071167,0.034421954303979874,2.0383923053741455,-0.03429384157061577,1.8867802619934082,0.02462468482553959,1.5394550561904907,-0.08647774904966354,1.5857070684432983,0.1440466046333313,1.6953816413879395,-0.033937498927116394,1.084621548652649,0.0518818236887455,1.3535716533660889,0.09812109172344208,1.4067559242248535,-0.05468228459358215,1.8200806379318237,-0.004816513508558273,1.1492500305175781,0.06613080948591232,1.3901666402816772,-0.07156173884868622,1.178910255432129,0.5
fav_00052_id03599_wavtolip,fake,fav_id00414,FakeVideo-RealAudio,51.15578667924195,7.027447023989946,1.0,2.6101211918466136,1,-299.0113525390625,75.97338104248047,112.71931457519531,29.77606201171875,-46.524810791015625,31.462173461914062,13.904749870300293,24.963268280029297,-7.89223575592041,15.953654289245605,-31.379228591918945,21.225780487060547,-14.082330703735352,14.020773887634277,-17.46084976196289,12.421998023986816,-8.65751838684082,11.557358741760254,-4.344547748565674,10.986199378967285,-12.560455322265625,10.273263931274414,4.4916582107543945,7.452972888946533,-13.027323722839355,8.640839576721191,0.08014903217554092,8.157231330871582,-4.311052322387695,6.913265705108643,-2.510223627090454,6.653120040893555,-7.935491561889648,5.697269439697266,-3.8375186920166016,5.292272090911865,-7.550126075744629,6.918924808502197,-0.3237271308898926,5.15702486038208,-0.11359861493110657,15.11614990234375,-0.02889038622379303,5.089872360229492,-0.026757806539535522,6.748973846435547,-0.245351180434227,5.427510738372803,-0.13045768439769745,3.5756447315216064,0.013991380110383034,4.203432083129883,0.13277839124202728,2.802365303039551,0.016453610733151436,2.4878363609313965,-0.039512407034635544,2.209047317504883,-0.02363104745745659,2.2184367179870605,0.10745321959257126,2.124009847640991,0.060250602662563324,1.5113273859024048,-0.03377267345786095,1.681078553199768,-0.062079425901174545,1.633270025253296,-0.027807464823126793,1.4268693923950195,0.09080924093723297,1.3085083961486816,-0.047845304012298584,1.157723069190979,0.0010900915367528796,1.067490816116333,0.09593228250741959,1.2413642406463623,0.014584563672542572,0.955102264881134,0.5
fav_00340_id00428_Kr7n-68JWww_id00842_wavtolip,fake,fav_id00752,FakeVideo-FakeAudio,116.2963703144396,13.392846693624671,1.0,2.9827292520273434,1,-329.93511962890625,120.91746520996094,110.4813461303711,59.57053756713867,-9.014911651611328,50.41024398803711,22.728940963745117,29.063709259033203,-15.41579818725586,20.905109405517578,0.9923192858695984,9.468518257141113,-13.430510520935059,15.73117446899414,-9.605168342590332,15.15555477142334,-7.772022247314453,14.284394264221191,-9.03807544708252,11.407751083374023,2.138956069946289,10.931532859802246,-8.826926231384277,9.12855339050293,-0.1277959644794464,7.715699195861816,6.324910640716553,8.008917808532715,-15.24787712097168,8.571632385253906,1.7906256914138794,7.157027721405029,-4.770237922668457,6.528939247131348,-1.2778191566467285,6.836358547210693,-8.740803718566895,6.250967979431152,-0.5429937243461609,5.7593092918396,-3.2483131885528564,15.141292572021484,-1.5661985874176025,12.719618797302246,0.4876538813114166,11.24204158782959,-0.12634019553661346,6.240408897399902,0.3266952931880951,4.296518802642822,0.15015973150730133,1.4138010740280151,0.14918479323387146,3.2275333404541016,-0.07566902786493301,2.8252928256988525,-0.19278903305530548,3.0152933597564697,0.21784928441047668,2.498549222946167,-0.003526905318722129,2.4324707984924316,0.1862676739692688,1.8474314212799072,0.05745219066739082,1.7392425537109375,0.07230894267559052,1.5889806747436523,0.2239009439945221,1.3806766271591187,0.03788021206855774,1.2359603643417358,0.03581609949469566,1.4174882173538208,0.080543652176857,1.3241803646087646,0.14104388654232025,1.154588222503662,0.004909066949039698,1.0292818546295166,0.5
