clip_id,label,identity,v_sharpness_mean,v_sharpness_std,v_face_rate,v_facebox_jitter,a_ok,p_fake
smoke_000,real,cdf_id22,125.47445891437292,1.8326777307600888,1.0,13.277274998660324,0,0.5
smoke_001,real,cdf_id40,62.20094743992062,1.5406574860105378,1.0,9.055171413504452,0,0.5
smoke_002,real,cdf_id59,46.75894022036677,12.000667384027148,1.0,18.922862920494254,0,0.5
smoke_003,real,cdf_id5,24.308777860017706,1.1497442191387124,1.0,18.95535615433453,0,0.5
smoke_004,real,cdf_00072,33.79507414967982,3.127014844297687,1.0,18.492993338225805,0,0.5
smoke_005,real,cdf_00290,140.83057844511714,17.80178978956225,1.0,39.9465768321481,0,0.5
smoke_006,real,cdf_id20,148.37035474316997,4.735983449620973,1.0,20.718066377226293,0,0.5
smoke_007,real,cdf_id31,20.077586586203115,0.7611680220425057,1.0,20.79360069584913,0,0.5
smoke_008,real,cdf_00025,103.79697654905682,1.4637468641897067,1.0,7.734842786323272,0,0.5
smoke_009,real,cdf_00046,79.15292623627656,16.68642045540944,1.0,15.527145864231858,0,0.5
smoke_010,fake,cdf_id4,16.027258750778923,1.989025843948739,1.0,9.22939674243051,0,0.5
smoke_011,fake,cdf_id38,106.53488064226573,14.830851968514397,1.0,4.883599029558784,0,0.5
smoke_012,fake,cdf_id51,68.28235650146684,0.6693088617965797,1.0,16.000774257083595,0,0.5
smoke_013,fake,cdf_id4,11.067949428406601,0.8346204128958273,1.0,10.194782731860004,0,0.5
smoke_014,fake,cdf_id45,31.277254267640263,0.7818537289853141,1.0,7.349677000703891,0,0.5
smoke_015,fake,cdf_id53,57.96883795364133,14.306080512579504,1.0,9.195331771845657,0,0.5
smoke_016,fake,cdf_id3,48.84782779503503,1.3590457457797462,1.0,21.61825552432752,0,0.5
smoke_017,fake,cdf_id28,25.832530318539987,1.1497638771469745,1.0,13.2980811826842,0,0.5
smoke_018,fake,cdf_id0,43.290905393692434,2.170605176890534,1.0,7.439087165035701,0,0.5
smoke_019,fake,cdf_id56,69.89101966715121,1.8355573464505568,1.0,17.4278122485987,0,0.5
