clip_id,label,identity,v_sharpness_mean,v_sharpness_std,v_face_rate,v_facebox_jitter,a_ok,a_m0_mean,a_m0_std,a_m1_mean,a_m1_std,a_m2_mean,a_m2_std,a_m3_mean,a_m3_std,a_m4_mean,a_m4_std,a_m5_mean,a_m5_std,a_m6_mean,a_m6_std,a_m7_mean,a_m7_std,a_m8_mean,a_m8_std,a_m9_mean,a_m9_std,a_m10_mean,a_m10_std,a_m11_mean,a_m11_std,a_m12_mean,a_m12_std,a_m13_mean,a_m13_std,a_m14_mean,a_m14_std,a_m15_mean,a_m15_std,a_m16_mean,a_m16_std,a_m17_mean,a_m17_std,a_m18_mean,a_m18_std,a_m19_mean,a_m19_std,a_d0_mean,a_d0_std,a_d1_mean,a_d1_std,a_d2_mean,a_d2_std,a_d3_mean,a_d3_std,a_d4_mean,a_d4_std,a_d5_mean,a_d5_std,a_d6_mean,a_d6_std,a_d7_mean,a_d7_std,a_d8_mean,a_d8_std,a_d9_mean,a_d9_std,a_d10_mean,a_d10_std,a_d11_mean,a_d11_std,a_d12_mean,a_d12_std,a_d13_mean,a_d13_std,a_d14_mean,a_d14_std,a_d15_mean,a_d15_std,a_d16_mean,a_d16_std,a_d17_mean,a_d17_std,a_d18_mean,a_d18_std,a_d19_mean,a_d19_std,p_fake
dfe_UjEb9TPIJgOi,real,dfe_UjEb9TPIJgOi,132.4367910576057,47.17688789995097,1.0,24.726231980243455,1,-379.57855224609375,133.27255249023438,74.13880157470703,63.41604232788086,13.90451431274414,28.050857543945312,13.8777437210083,23.76236915588379,-5.345290184020996,24.23918342590332,-2.1533663272857666,17.478891372680664,-5.0961809158325195,18.007719039916992,1.9099056720733643,14.655961990356445,-2.8828940391540527,16.783069610595703,9.392587661743164,11.650866508483887,2.986877918243408,10.545927047729492,8.550110816955566,9.623863220214844,4.118500232696533,7.824088096618652,8.803690910339355,8.381404876708984,-0.19099168479442596,8.42623233795166,-0.9626203179359436,7.697908401489258,-6.740385055541992,8.131470680236816,-2.6141648292541504,6.444202899932861,-3.148454427719116,5.5381293296813965,-2.8001577854156494,6.035462856292725,-0.0025804671458899975,19.77086067199707,-0.0036323433741927147,11.974045753479004,-0.0035807101521641016,5.470344543457031,-0.0034955861046910286,4.70884370803833,-0.0033784618135541677,4.490722179412842,-0.003231285372748971,3.491497278213501,-0.0030565017368644476,3.1010663509368896,-0.0028570489957928658,2.6243510246276855,-0.0026362212374806404,2.9209892749786377,-0.002397680189460516,2.2687013149261475,-0.0021453178487718105,1.9848169088363647,-0.0018832024652510881,1.6898401975631714,-0.0016155365156009793,1.5194565057754517,-0.0013465615920722485,1.4821521043777466,-0.0010804170742630959,1.5423414707183838,-0.0008211932145059109,1.3994859457015991,-0.0005727273528464139,1.3080313205718994,-0.00033861666452139616,1.2843266725540161,-0.00012211677676532418,0.9934620261192322,7.391384133370593e-05,1.0316989421844482,0.5
dfe_EqqQ9B_HsC8c,real,dfe_EqqQ9B_HsC8c,98.97048316296802,3.832098245427352,1.0,27.781259286945257,1,-284.9320068359375,75.57501983642578,100.80096435546875,44.213321685791016,-9.49549674987793,31.07279396057129,17.483274459838867,25.67959976196289,-13.250996589660645,19.317474365234375,-12.664658546447754,13.934226989746094,-16.916505813598633,14.53824234008789,-12.468883514404297,12.614500045776367,-11.926457405090332,13.555776596069336,-1.8156160116195679,12.330748558044434,-5.277064800262451,9.733023643493652,-3.57576584815979,10.178400993347168,-11.37090015411377,9.357259750366211,-5.6940717697143555,9.359136581420898,0.6135842800140381,8.954072952270508,-8.226956367492676,8.976997375488281,-6.833438873291016,7.782436847686768,-2.7876436710357666,7.4657883644104,-5.913053035736084,6.9966206550598145,-1.4679185152053833,6.625879287719727,0.2074972689151764,12.312718391418457,0.07527944445610046,8.720865249633789,-0.07378086447715759,6.223287582397461,-0.03697098791599274,5.045663833618164,-0.009713189676404,3.6126577854156494,0.0003904016921296716,2.495490074157715,-0.002991317305713892,2.6707820892333984,-0.01297099981456995,2.2043535709381104,-0.010433451272547245,2.133650779724121,0.00024053429660852998,2.1725494861602783,-0.00642786081880331,1.6667566299438477,-0.013776269741356373,1.84621000289917,0.013852881267666817,1.5958631038665771,0.0036429918836802244,1.6149500608444214,0.002802240429446101,1.5602656602859497,-0.00631103478372097,1.5423377752304077,-0.00167064496781677,1.3737012147903442,0.0005782617372460663,1.3841739892959595,-0.00024692679289728403,1.2446266412734985,0.007639261428266764,1.1797866821289062,0.5
dfe_c_jAKhDbijIm,real,dfe_c_jAKhDbijIm,144.16547530765615,12.647997647389936,1.0,31.686773120235863,1,-325.1017761230469,134.2616729736328,66.79383087158203,40.572208404541016,-10.059957504272461,48.82328414916992,15.941524505615234,25.026151657104492,-6.111683368682861,22.064109802246094,-0.28727516531944275,18.44650650024414,-4.699477195739746,19.94498634338379,-3.680464744567871,14.532905578613281,2.4992451667785645,12.466670989990234,0.34400680661201477,10.724881172180176,-3.9375951290130615,9.596269607543945,-4.210424423217773,9.019320487976074,-10.307449340820312,11.611971855163574,0.322108656167984,7.851483345031738,-10.437994956970215,11.471993446350098,-5.080484867095947,7.893801689147949,-1.5066535472869873,7.411736965179443,-4.088275909423828,7.216582775115967,-4.500649452209473,7.077816009521484,-1.996492862701416,7.097582817077637,0.0610148087143898,17.873958587646484,0.024588193744421005,8.03687572479248,-0.01273693423718214,8.140172004699707,0.011461514979600906,4.50018310546875,0.002435524482280016,4.182739734649658,-0.004030256066471338,3.5431716442108154,-0.002762571210041642,3.06229567527771,-0.000635759555734694,2.3515069484710693,-0.0030757614877074957,2.3596975803375244,0.0003247167624067515,1.9977059364318848,-0.004085769411176443,1.8019213676452637,0.0019347387133166194,1.6457486152648926,0.004563543479889631,1.789275050163269,-0.003192421281710267,1.4584625959396362,-0.0023784900549799204,1.7214397192001343,-0.0004230448103044182,1.3389605283737183,0.0074638002552092075,1.4043638706207275,0.0021251949947327375,1.308301329612732,-0.000153382308781147,1.2288848161697388,-0.0007304519531317055,1.3079701662063599,0.5
dfe_8lCBV76Adw8C,real,dfe_8lCBV76Adw8C,1270.2201130219044,34.974726177425026,1.0,45.22403447154873,1,-376.50421142578125,95.34519958496094,100.48388671875,52.19413375854492,-15.732649803161621,33.31106948852539,9.114500045776367,27.42603302001953,-13.554880142211914,14.985716819763184,-5.960202217102051,14.806376457214355,-11.068977355957031,12.852132797241211,-12.701683044433594,11.446633338928223,-12.496121406555176,13.99448299407959,-11.609519004821777,11.325309753417969,-17.002965927124023,12.171106338500977,-7.708187103271484,10.076068878173828,-6.185451030731201,8.533853530883789,-7.600991725921631,9.269645690917969,-8.085323333740234,8.285175323486328,-3.5376105308532715,6.503386497497559,-10.01142406463623,7.799096584320068,-6.26070499420166,10.39517593383789,-7.43569278717041,7.876108169555664,-4.443455219268799,7.453531742095947,0.9630289673805237,15.948336601257324,0.30120518803596497,11.44478702545166,-0.4421321451663971,5.854790210723877,-0.05256195366382599,5.178555488586426,-0.15964768826961517,2.6296310424804688,-0.009304423816502094,3.0431861877441406,-0.06965989619493484,2.166120767593384,-0.05624609813094139,1.9417599439620972,0.07282741367816925,1.9725748300552368,-0.07603489607572556,1.8591879606246948,-0.07951588928699493,2.201878070831299,-0.039456162601709366,1.8166247606277466,-0.058506403118371964,1.467326045036316,-0.05258221924304962,1.441619873046875,-0.062397100031375885,1.4570808410644531,-0.042848505079746246,1.0969140529632568,-0.04324285686016083,1.3541476726531982,-0.026235759258270264,1.5507073402404785,-0.03074958547949791,1.5464532375335693,0.0021901079453527927,1.3373658657073975,0.5
dfe_-_Ko5HFHWE5t,real,dfe_-_Ko5HFHWE5t,402.79797741209046,166.50661275670558,1.0,3.7456726802466953,1,-276.31280517578125,49.36153793334961,71.0347671508789,35.085792541503906,-34.636226654052734,22.880733489990234,6.693754196166992,29.03702163696289,-4.169123649597168,17.922748565673828,-14.329648971557617,16.297115325927734,-24.02195930480957,13.51852798461914,-5.135563373565674,11.324780464172363,-19.829076766967773,14.140219688415527,-4.449365615844727,11.8772611618042,-11.91287612915039,10.27155590057373,-10.91716194152832,9.277886390686035,-9.933053970336914,8.529870986938477,-6.7105841636657715,8.729838371276855,-12.692276954650879,8.758315086364746,-9.266301155090332,7.970179080963135,-5.20377779006958,7.8216094970703125,-10.358431816101074,7.624532699584961,-5.591032981872559,7.497254848480225,-6.939383506774902,6.908820629119873,-0.03187546506524086,8.056778907775879,-0.012472720816731453,7.253816604614258,-0.06642072647809982,3.9638383388519287,0.01841924712061882,5.126789093017578,-0.017415888607501984,3.0600745677948,0.04649136960506439,3.0532186031341553,0.0019487068057060242,2.3143107891082764,-0.020914215594530106,1.9501272439956665,0.029352327808737755,2.2506654262542725,0.01168479397892952,2.1045033931732178,0.012259644456207752,1.9666367769241333,0.003690062090754509,1.626366138458252,0.001693850732408464,1.610923409461975,0.01548818964511156,1.6949036121368408,-0.000789949728641659,1.6288777589797974,0.0006266128621064126,1.3988310098648071,-0.009525822475552559,1.4212660789489746,-0.015424033626914024,1.2733668088912964,0.0015934687107801437,1.320129632949829,0.0003874034737236798,1.234405279159546,0.5
dfe_jNoOkhW7dkxP,real,dfe_jNoOkhW7dkxP,1311.6594559103626,86.80393037830753,1.0,14.349732551454117,1,-208.78665161132812,97.43726348876953,98.05072021484375,36.25019454956055,-41.686302185058594,35.86362838745117,-11.29985237121582,25.1012020111084,-11.193883895874023,20.114028930664062,-29.298898696899414,18.480009078979492,-18.404212951660156,16.165271759033203,-14.39360523223877,14.862041473388672,-6.151777744293213,13.26603889465332,-5.189562797546387,11.912339210510254,-10.226079940795898,10.141539573669434,-11.188800811767578,9.354860305786133,-3.9393575191497803,8.758588790893555,2.0964348316192627,8.58970832824707,-11.957464218139648,9.57535457611084,2.014742374420166,7.789346694946289,-7.920511245727539,8.460801124572754,-5.63700008392334,7.7516374588012695,-3.870147943496704,7.103675842285156,-3.7805771827697754,7.477744102478027,0.0054416838102042675,10.179917335510254,7.179190288297832e-05,6.178977966308594,-0.0010939183412119746,6.076918601989746,-0.0004048692062497139,4.316286563873291,-6.742572440998629e-05,3.565666913986206,-0.00013764847244601697,2.8295135498046875,-4.7925685066729784e-05,2.7574217319488525,0.0004413130518514663,2.367459297180176,0.0001141743196058087,2.3065602779388428,0.0003832438087556511,1.9935736656188965,-7.643090793862939e-05,1.7458399534225464,0.00011688523227348924,1.5941039323806763,0.00019087402324657887,1.5417560338974,-0.00033158427686430514,1.511803150177002,1.0682102583814412e-05,1.5722593069076538,-0.0001379592576995492,1.361382246017456,0.0004111545567866415,1.3216869831085205,-0.00017235228733625263,1.29560124874115,0.0005492023192346096,1.228664755821228,8.303965296363458e-05,1.3019827604293823,0.5
dfe_lDDHLONpSdtP,real,dfe_lDDHLONpSdtP,321.66985607874454,91.4197562371809,1.0,28.827115104842072,1,-266.3921203613281,52.385650634765625,115.51136779785156,31.680072784423828,-4.4778666496276855,27.927961349487305,23.223304748535156,23.406604766845703,-5.008939266204834,18.508445739746094,7.182398796081543,13.752917289733887,6.141202449798584,14.26701831817627,-8.882946968078613,10.423290252685547,-7.53175163269043,8.54731273651123,-1.1036882400512695,10.261617660522461,-4.214727401733398,10.57290267944336,0.5192334055900574,10.999366760253906,-13.715653419494629,11.929884910583496,-0.9942688941955566,8.784873962402344,-4.968731880187988,7.5161824226379395,3.774113178253174,7.21974515914917,-0.3939271569252014,7.288219928741455,-3.6088013648986816,6.772019863128662,-1.0571556091308594,8.641847610473633,-3.2090835571289062,7.919761657714844,0.3265889883041382,9.856359481811523,-0.031966373324394226,5.819505214691162,-0.023919176310300827,5.45556116104126,-0.14735904335975647,4.5774335861206055,-0.06209143251180649,3.578782081604004,0.039246007800102234,2.8614556789398193,-0.01000776793807745,2.6414551734924316,0.01967901550233364,1.9973057508468628,-0.028816519305109978,1.5933107137680054,-0.03238728642463684,1.750679612159729,0.04118018224835396,1.9895201921463013,0.005784168373793364,2.0186338424682617,-0.034354232251644135,2.3782505989074707,-0.04008148983120918,1.6572426557540894,-0.030350806191563606,1.5059744119644165,0.0703972801566124,1.313259482383728,-0.02502947486937046,1.3866007328033447,-0.02523680031299591,1.41372811794281,-0.013746590353548527,1.6091595888137817,-0.001251037116162479,1.3406085968017578,0.5
dfe_0Ob8Fipv2yUx,real,dfe_0Ob8Fipv2yUx,145.2024494036687,9.268902369149298,1.0,125.70165099781504,1,-298.9964294433594,86.07899475097656,62.45254898071289,47.10332489013672,-24.958171844482422,39.801631927490234,23.034744262695312,24.815475463867188,-4.750887393951416,19.421491622924805,-6.016328811645508,20.047433853149414,-6.512324333190918,13.644350051879883,-7.3243088722229,17.692604064941406,3.238806962966919,13.116162300109863,-5.136035919189453,10.659160614013672,3.2446229457855225,9.573373794555664,7.11415958404541,9.669167518615723,2.8651721477508545,8.34819221496582,3.349881172180176,8.137411117553711,-5.880785942077637,8.416927337646484,7.00288724899292,8.939016342163086,-5.718472957611084,7.76627254486084,0.5610256791114807,6.511884689331055,-1.469347357749939,7.262438774108887,-2.1581785678863525,8.270770072937012,-0.010724686086177826,15.859822273254395,0.10289453715085983,9.04083251953125,0.022349387407302856,8.740986824035645,-0.0013622990809381008,4.942878246307373,0.017195934429764748,3.9259893894195557,-0.021355479955673218,3.797520875930786,-0.045190803706645966,2.6494529247283936,-0.031693752855062485,3.1863021850585938,0.016320187598466873,2.518183946609497,0.004772024229168892,2.044729709625244,-0.02931487187743187,1.7669748067855835,0.0034139002673327923,1.9271893501281738,-0.018229175359010696,1.6208425760269165,0.009206023067235947,1.5743331909179688,0.0018183380598202348,1.5540541410446167,-0.01229938305914402,1.6917520761489868,-0.006443476770073175,1.4277180433273315,-0.005704657640308142,1.1755189895629883,0.0013880818150937557,1.361764907836914,0.003565751714631915,1.5103566646575928,0.5
dfe_1sSXZHRIp-NF,real,dfe_1sSXZHRIp-NF,188.14645966503883,75.46741909229698,1.0,94.75026471746571,1,-197.302978515625,117.45507049560547,49.490196228027344,47.30753707885742,-22.21660804748535,41.78892517089844,-3.181398391723633,27.460905075073242,-22.299758911132812,23.821380615234375,-13.90636157989502,18.466707229614258,-21.357450485229492,14.495861053466797,-9.360111236572266,13.65827751159668,-16.652441024780273,14.984135627746582,-0.6410250663757324,13.393933296203613,-14.399867057800293,12.361791610717773,-3.472172975540161,11.688419342041016,-8.937285423278809,10.779475212097168,-6.530618190765381,10.292655944824219,-7.573802471160889,11.877803802490234,-6.338091850280762,12.051259994506836,-1.570339560508728,11.83110237121582,-6.148260593414307,12.849736213684082,-5.7487921714782715,11.281161308288574,-1.2239832878112793,11.21418571472168,0.18472778797149658,16.829910278320312,0.008852803148329258,9.226852416992188,-0.09026436507701874,6.819705486297607,-0.03825443983078003,4.763152122497559,-0.02698153629899025,4.226431369781494,0.005541995167732239,3.202599048614502,0.001021512900479138,2.6351242065429688,-0.008399372920393944,2.487250566482544,0.0011933199129998684,2.79278302192688,-0.008610976859927177,2.2428250312805176,-0.0025452873669564724,2.1068618297576904,0.001865510013885796,2.0320188999176025,-0.004508323036134243,1.846874475479126,-0.006726956460624933,1.9446526765823364,0.007229650858789682,2.0156421661376953,-0.0042686983942985535,2.1482040882110596,-0.0033504737075418234,1.9671965837478638,0.0031552761793136597,2.028010368347168,-0.006095112767070532,2.0962674617767334,0.005369503982365131,2.0069637298583984,0.5
dfe_f1W8Kw_Bnvrc,real,dfe_f1W8Kw_Bnvrc,245.13356560570386,186.1469634852502,0.8235294117647058,84.03735494722154,1,-240.16835021972656,84.15691375732422,95.06047058105469,28.973588943481445,-30.87563133239746,23.582792282104492,15.311856269836426,15.747333526611328,-16.221559524536133,16.231260299682617,-6.7904839515686035,14.8290376663208,-16.190027236938477,12.536757469177246,-8.111571311950684,11.692219734191895,-3.737593173980713,9.45067024230957,-4.012825965881348,10.624475479125977,-6.995072364807129,8.811613082885742,-1.5737806558609009,8.439201354980469,-5.606480121612549,8.423861503601074,-2.888915777206421,9.244969367980957,-8.046350479125977,7.743495941162109,-3.965228319168091,6.697503566741943,-5.8947248458862305,6.294503211975098,-1.571763515472412,7.917856693267822,-3.3908843994140625,7.481606960296631,-1.3959757089614868,7.040063381195068,-0.12510113418102264,7.761146068572998,-0.027643466368317604,4.479640483856201,0.0035054164472967386,3.9527642726898193,-0.03451402485370636,2.8639004230499268,0.03977929800748825,2.5318892002105713,0.025118844583630562,2.097371816635132,0.004021260887384415,1.9175785779953003,-0.027457712218165398,1.8664723634719849,0.011253919452428818,1.5665276050567627,0.013038762845098972,1.8337777853012085,-0.02118130773305893,1.5441334247589111,0.012730809859931469,1.4478695392608643,0.0002042491832980886,1.3224825859069824,-0.014887550845742226,1.3680529594421387,0.004944437649101019,1.048412561416626,0.0009817687096074224,1.073533296585083,0.002884848974645138,1.089714527130127,0.019290214404463768,1.2203137874603271,0.005169665906578302,1.0900375843048096,0.005498146638274193,1.262434720993042,0.5
dfe_NLYgdLzbhccP,fake,dfe_NLYgdLzbhccP,1940.8808881701195,135.33621757353475,0.3175,14.921339390993225,1,-526.59423828125,170.34127807617188,40.85330581665039,60.83698272705078,-6.045698165893555,20.392074584960938,9.012710571289062,21.27958106994629,-0.36614036560058594,10.770471572875977,2.6688201427459717,11.592090606689453,-1.8246573209762573,11.570106506347656,-6.068689823150635,14.120826721191406,3.479426622390747,11.304837226867676,-0.5086213946342468,6.550722599029541,-1.7144798040390015,6.996402740478516,2.667879819869995,7.992363929748535,-2.4634146690368652,6.765013217926025,2.8024494647979736,6.955239772796631,-1.2222261428833008,5.4177069664001465,-1.964949369430542,5.717207431793213,-0.4764341711997986,5.501133441925049,-1.1675100326538086,4.369342803955078,-1.8161169290542603,4.555793762207031,-0.005453980062156916,4.607022762298584,0.006527971476316452,6.341581344604492,0.0036140235606580973,3.0968165397644043,8.848608558764681e-05,3.5914061069488525,-0.00025580107467249036,2.7575440406799316,0.00012471136869862676,1.7615879774093628,-0.0003377806569915265,1.8134266138076782,-0.0005671249818988144,1.8827428817749023,-0.0005150765064172447,1.9805552959442139,-0.00010208948515355587,1.9169617891311646,0.00018785202701110393,1.213901162147522,-0.00010470521374372765,1.2774865627288818,1.2614657862286549e-05,1.1378331184387207,-2.6899631848209538e-05,1.003438115119934,-6.371903145918623e-05,0.8783727288246155,-0.0004307501367293298,0.8587490320205688,-0.00025303501752205193,0.8677438497543335,-0.00036838013329543173,0.7846216559410095,-0.0002985543687827885,0.7230418920516968,-0.0002457893278915435,0.6856394410133362,-0.00029034941690042615,0.6549034118652344,0.5
dfe_tuSxW2Tm2qpn,fake,dfe_tuSxW2Tm2qpn,374.5791477186021,111.18746081205354,0.8611111111111112,98.6204444846579,1,-164.9235076904297,71.2743148803711,95.01181030273438,45.339385986328125,30.863845825195312,25.905630111694336,23.507099151611328,16.70273780822754,3.52791166305542,14.578133583068848,12.869850158691406,13.172785758972168,6.801224708557129,10.867637634277344,1.3920572996139526,10.862793922424316,-0.8295833468437195,9.28788948059082,0.793563187122345,9.236730575561523,-11.851102828979492,10.162605285644531,2.9515812397003174,9.590174674987793,-2.6015796661376953,8.276653289794922,-4.032824993133545,8.864919662475586,3.187161684036255,8.538841247558594,-0.2483568638563156,10.509398460388184,-1.7561498880386353,8.523990631103516,3.996352195739746,7.51483154296875,-7.0519561767578125,7.936800003051758,-3.0199482440948486,8.798831939697266,0.8183192014694214,12.309806823730469,0.19571980834007263,8.030111312866211,0.054972995072603226,4.356078624725342,0.05160478875041008,3.7909791469573975,0.00017517726519145072,2.9595706462860107,0.03654789179563522,2.42455792427063,0.005866354797035456,1.9949029684066772,0.006483230274170637,1.986208438873291,-0.000976646551862359,1.6631780862808228,0.012437197379767895,1.7817848920822144,-0.022544000297784805,1.627339243888855,-0.003329178551211953,1.6930289268493652,-0.02062867395579815,1.6383980512619019,-0.0008154362440109253,1.5097085237503052,0.0004010764241684228,1.4407579898834229,0.002668509492650628,1.6620148420333862,0.009898634627461433,1.4531086683273315,-0.0001063087402144447,1.3678336143493652,-0.010418867692351341,1.3177845478057861,-0.007205023895949125,1.3880224227905273,0.5
dfe_fo6KvpBpWR2y,fake,dfe_fo6KvpBpWR2y,391.08976803656907,14.814522405543272,1.0,15.623327711013307,1,-106.22725677490234,102.46658325195312,67.95506286621094,41.353233337402344,-6.127734184265137,26.371414184570312,3.2015461921691895,22.827756881713867,-14.591897010803223,19.495119094848633,1.4051543474197388,17.985877990722656,-16.125858306884766,18.88869285583496,-2.9862194061279297,16.004318237304688,4.8485894203186035,15.227375030517578,-1.531509518623352,20.769113540649414,-15.305228233337402,11.820297241210938,-9.581009864807129,11.392963409423828,-6.664061069488525,10.978853225708008,-4.486413955688477,11.771194458007812,-3.7265522480010986,12.014907836914062,-4.072824478149414,11.757701873779297,-2.1587154865264893,14.651850700378418,-0.35554420948028564,15.270112037658691,-0.14149098098278046,13.917886734008789,5.7481513023376465,12.63389778137207,0.23257631063461304,12.20780086517334,0.05971797928214073,7.1345295906066895,0.014207499101758003,4.743359088897705,-0.015457871370017529,3.231203079223633,-0.0015562435146421194,2.84399151802063,-0.016024094074964523,2.4662063121795654,-0.00797223299741745,2.2425286769866943,-0.004173595923930407,1.9498971700668335,-0.002908717840909958,1.8981406688690186,-0.0019338803831487894,1.9703480005264282,-0.007313547655940056,2.1408963203430176,-0.004136251751333475,1.8506245613098145,-0.004383828025311232,1.8085461854934692,-0.002782960422337055,1.672621250152588,-0.004090168513357639,1.869184970855713,-0.0014672967372462153,1.8593472242355347,0.003205282613635063,2.2796382904052734,0.0028107184916734695,2.5505056381225586,-0.00014413538156077266,2.428596258163452,0.0013800273882225156,2.21358060836792,0.5
dfe_eHf7IThjyinA,fake,dfe_eHf7IThjyinA,936.1385005915814,550.3597009613387,0.2631578947368421,20.22616654280801,1,-270.8397521972656,91.49268341064453,76.5274658203125,51.173736572265625,11.053265571594238,32.66459655761719,25.269275665283203,26.574615478515625,3.348893165588379,20.8857421875,-5.40858793258667,18.009183883666992,-14.92491626739502,15.693611145019531,-8.639426231384277,13.99268913269043,-0.7741857171058655,11.408122062683105,-4.515025615692139,10.89096450805664,-1.682673692703247,10.079427719116211,-7.401658058166504,9.713542938232422,-10.680727005004883,10.159241676330566,4.156550884246826,10.49610424041748,-10.136882781982422,11.06464672088623,-0.5600889325141907,8.798611640930176,-3.5906710624694824,8.64055061340332,-4.354416370391846,8.03864574432373,-6.991133689880371,7.303487777709961,-4.506321430206299,7.091968536376953,0.29252445697784424,14.35670280456543,0.11519383639097214,9.527715682983398,0.0025226965080946684,6.86549711227417,0.04876721277832985,5.394877910614014,-0.012607925571501255,4.098011016845703,0.013524488545954227,3.3642280101776123,0.010924807749688625,2.8221940994262695,0.004820221569389105,2.702404022216797,0.005097945686429739,2.2377214431762695,0.008239150047302246,2.022871732711792,0.012726528570055962,1.9002292156219482,0.012213585898280144,1.7352904081344604,-0.0020086716394871473,1.872187614440918,0.004639626480638981,1.8300585746765137,-0.002423743950203061,2.172773838043213,0.009268281050026417,1.6042991876602173,0.009827273897826672,1.6091151237487793,0.005420830566436052,1.5397469997406006,-0.004814924672245979,1.3539786338806152,0.0024482100270688534,1.3616443872451782,0.5
dfe_QAGimmWR7yq3,fake,dfe_QAGimmWR7yq3,95.84423730468751,9.619913037384473,1.0,30.3331412984501,1,-122.930419921875,33.109073638916016,85.41357421875,24.773914337158203,7.389779090881348,16.682382583618164,18.227123260498047,14.183877944946289,3.4550278186798096,14.790946006774902,7.545202255249023,10.155552864074707,2.975221872329712,9.886473655700684,-1.2644318342208862,8.353693008422852,-5.117007255554199,8.000520706176758,2.4149465560913086,8.597760200500488,-2.9049222469329834,5.971604347229004,1.7267537117004395,8.751534461975098,-8.409082412719727,7.012317657470703,-1.3056761026382446,6.695738315582275,-8.478083610534668,6.940760135650635,-4.328819274902344,6.688281059265137,-5.343513488769531,7.434040546417236,-0.8843539357185364,7.508084774017334,-4.7612714767456055,8.067404747009277,-6.47642183303833,7.84013557434082,0.1811230331659317,5.6079511642456055,-0.08237995207309723,4.76588773727417,-0.019545678049325943,3.1436946392059326,-0.028535036370158195,2.7212419509887695,-0.0796695277094841,2.762239694595337,-0.049158476293087006,1.626101016998291,-0.015401609241962433,1.9295846223831177,-0.036045413464307785,1.5350334644317627,-0.03156672418117523,1.4559502601623535,-0.06319743394851685,1.8323211669921875,-0.012791031040251255,1.022424340248108,0.0028224345296621323,1.445387840270996,-0.007395616732537746,1.1544634103775024,-0.044950202107429504,1.2687963247299194,-0.023968590423464775,1.2061322927474976,-0.05068682134151459,1.1008754968643188,-0.017784355208277702,1.1006722450256348,-0.007535405457019806,1.0483274459838867,-0.003253878327086568,1.21695876121521,-0.01666005700826645,1.1660548448562622,0.5
dfe_z9wPhvjfu0tT,fake,dfe_z9wPhvjfu0tT,439.06727354735585,91.62858405040545,0.5106382978723404,59.003986977238554,1,-270.11041259765625,143.71124267578125,65.64163970947266,65.02813720703125,36.51438903808594,34.56818389892578,28.889862060546875,34.43052673339844,17.53046417236328,19.380550384521484,-12.473370552062988,17.409658432006836,-14.13304615020752,15.685406684875488,3.264626979827881,12.672112464904785,-14.193458557128906,15.336366653442383,-8.107068061828613,12.142008781433105,-8.564927101135254,10.464056968688965,-3.4769394397735596,10.594038963317871,-7.831098556518555,10.500940322875977,-2.7023098468780518,7.733733177185059,-10.065703392028809,9.731574058532715,-2.137728214263916,8.973264694213867,-4.398606777191162,7.535068035125732,-7.729465007781982,7.695809841156006,-4.982804775238037,7.097180366516113,-4.948121070861816,7.119353294372559,0.29672929644584656,23.11907958984375,0.04587434232234955,12.413528442382812,0.046904511749744415,6.291583061218262,0.051077164709568024,6.623326301574707,-0.013540334068238735,3.80124831199646,-0.03829850256443024,3.5187079906463623,-0.013397597707808018,2.9487497806549072,-0.0003717432846315205,2.528017044067383,-0.035135138779878616,2.9196035861968994,-0.016035566106438637,2.3192179203033447,-0.013118445873260498,2.029850482940674,-0.0073761180974543095,1.996036410331726,-0.008522415533661842,2.0872802734375,0.00566690880805254,1.4195683002471924,-0.01843411847949028,1.6705976724624634,-0.0021329440642148256,1.808286190032959,-0.011144486255943775,1.3914813995361328,-0.013299629092216492,1.4344528913497925,-0.002702091122046113,1.2974212169647217,-0.0075949495658278465,1.3508132696151733,0.5
dfe_-zUphNuZtLCx,fake,dfe_-zUphNuZtLCx,22.739568685482773,2.750302875593766,1.0,32.43706640290609,1,-420.6228942871094,114.75667572021484,64.59014892578125,32.5778694152832,-16.399757385253906,43.58280563354492,17.916860580444336,19.85555076599121,-3.9512858390808105,19.939437866210938,-10.31555461883545,18.91387367248535,-2.349358320236206,11.238682746887207,-6.448338031768799,16.287397384643555,12.921152114868164,13.98157787322998,1.7862322330474854,10.473421096801758,1.4154342412948608,10.173049926757812,7.634444236755371,10.722660064697266,-7.512487888336182,9.658772468566895,-1.5375126600265503,8.517572402954102,-3.7696778774261475,8.433253288269043,3.0858078002929688,7.944096565246582,-6.483007431030273,8.72946548461914,-3.715407371520996,7.929516315460205,2.6924726963043213,8.093151092529297,-2.5693867206573486,8.958966255187988,-0.018428420647978783,12.439981460571289,-0.015489588491618633,5.426029205322266,-0.006432943046092987,6.1077165603637695,0.002498836722224951,3.5216174125671387,0.0014841073425486684,3.2144663333892822,0.004724354017525911,2.559645891189575,0.009633461944758892,1.759704351425171,-0.000318247068207711,2.2306559085845947,0.001925361924804747,2.3047711849212646,-0.003275332972407341,1.719288945198059,0.00014444542466662824,1.5763866901397705,3.5851524444296956e-05,1.4963022470474243,0.0018514012917876244,1.5600626468658447,0.001957452157512307,1.373255729675293,0.0029978384263813496,1.2256609201431274,-0.0001734355464577675,1.2657278776168823,-0.002491322346031666,1.3123432397842407,-0.007176509592682123,1.313551425933838,-0.003140130080282688,1.3936409950256348,0.0007670991471968591,1.5418866872787476,0.5
dfe_tAcAqwyfrB-e,fake,dfe_tAcAqwyfrB-e,130.4823001494092,187.53503196355604,0.62,161.9198448344114,0,,,,,,,,,,,,,,,,,,,,,,,,,,,,,,,,,,,,,,,,,,,,,,,,,,,,,,,,,,,,,,,,,,,,,,,,,,,,,,,,,0.5
dfe_acTO-LffUxr2,fake,dfe_acTO-LffUxr2,1639.0350234000543,223.61969832054825,1.0,72.36598214022473,1,-176.35935974121094,131.3434295654297,88.91687774658203,48.75495910644531,-16.147079467773438,37.84313201904297,18.015893936157227,28.84784698486328,-11.423023223876953,23.043052673339844,-11.386316299438477,22.270776748657227,-13.759410858154297,17.99501609802246,-12.117024421691895,17.386606216430664,-11.632391929626465,14.901206016540527,-3.65718412399292,12.683865547180176,-4.662230968475342,12.245914459228516,-3.5838356018066406,10.808679580688477,-7.299117565155029,10.951515197753906,0.7264899611473083,10.838242530822754,-4.304624080657959,9.734518051147461,-3.4822137355804443,9.519977569580078,-5.225178241729736,9.287066459655762,-0.5961228013038635,8.917082786560059,-6.580777168273926,9.145867347717285,-4.388561725616455,8.547282218933105,0.09151121228933334,17.54990005493164,0.02629926986992359,8.072762489318848,-0.001776807359419763,6.58278751373291,0.011839667335152626,4.728797435760498,0.0012513959081843495,3.7503955364227295,0.0036955326795578003,3.3955438137054443,0.00011062552948715165,2.957214593887329,0.004552249796688557,2.541795492172241,-0.0012871352955698967,2.4875855445861816,-0.0007219471735879779,2.2795684337615967,0.000671133806463331,2.108699083328247,-0.0022280956618487835,1.9099113941192627,-0.0017022291431203485,1.9159111976623535,-0.0005252650589682162,1.799421787261963,-0.000620448961853981,1.615012526512146,0.0011071842163801193,1.5940786600112915,-0.001588415470905602,1.5685722827911377,0.0004144292906858027,1.5673521757125854,-0.0013289814814925194,1.5344736576080322,-0.0025885209906846285,1.4554884433746338,0.5
dfe_1iKuG4xt7RcJ,fake,dfe_1iKuG4xt7RcJ,383.12099550283244,206.40251643294218,0.9863013698630136,132.00824693666212,1,-209.82562255859375,70.00367736816406,119.07686614990234,36.78661346435547,18.313234329223633,28.829544067382812,16.921045303344727,18.150053024291992,3.533675193786621,12.306931495666504,-5.0604119300842285,14.601264953613281,-7.191318035125732,11.403563499450684,0.632191002368927,10.956543922424316,-1.2885026931762695,9.234522819519043,0.7823572158813477,8.933527946472168,-3.3418493270874023,9.304065704345703,4.83407735824585,7.212191581726074,-6.186559677124023,7.708292007446289,3.110290765762329,6.7482380867004395,-4.232421398162842,7.042710781097412,1.0140568017959595,6.8766584396362305,0.11043199896812439,6.302654266357422,-0.15499871969223022,6.1493377685546875,-0.463434636592865,6.378582000732422,-2.9384500980377197,5.58096981048584,0.08537363260984421,9.68035888671875,0.012210591696202755,6.9666666984558105,0.026484264060854912,5.171017646789551,-0.002087460830807686,3.540360689163208,0.00817909650504589,2.2097220420837402,0.020968403667211533,2.467402458190918,-0.013104825280606747,1.9802013635635376,0.003519380697980523,1.6830164194107056,0.0081474082544446,1.6452380418777466,0.01050298660993576,1.5410501956939697,0.009090947918593884,1.50034761428833,0.009540315717458725,1.363669753074646,0.011190793476998806,1.3247522115707397,0.01949785277247429,1.1546615362167358,0.018348591402173042,1.2092596292495728,0.016162490472197533,1.2528407573699951,0.0033631024416536093,1.049933910369873,-0.008282686583697796,1.0435489416122437,-0.0028033293783664703,1.0140788555145264,-0.001879110117442906,0.9634986519813538,0.5
